Student-ID,Naam,Opleiding,Klas,Cijfer,Aanwezigheid,EC,Waarschuwingen,Mentor,Uitgevallen,Schooljaar
1001,Lisa Kuiper,Economie,B1,6.4,85.5,48,2,mev. Hulsema,0,2025-2026
1002,Aisha De Groot,Zorg,A1,5.1,91.5,20,1,dhr. Benjamins,0,2025-2026
1003,Edwin Kuiper,ICT,D1,7.0,87.9,48,2,dhr. De Groot,0,2025-2026
1004,Mohammed Bousme,Techniek,B1,7.1,98.2,53,0,mev. Smit,0,2025-2026
1005,Tessa Sterk,Handel,B1,5.0,98.0,55,1,dhr. Benjamins,0,2025-2026
1006,Mohammed Mulder,Zorg,C1,8.7,75.0,45,2,mev. Safon,0,2025-2026
1007,Lisa van Someren,Economie,C2,6.6,86.2,41,1,mev. Smit,0,2025-2026
1008,Eva Mulder,Economie,A1,7.4,76.0,51,1,mev. Hulsema,0,2025-2026
1009,Sam Abu-Hanna,Handel,C1,7.7,85.0,35,0,dhr. De Groot,0,2025-2026
1010,Koen Abu-Hanna,Handel,B1,6.9,97.9,56,1,mev. Hulsema,0,2025-2026
1011,Edwin De Groot,ICT,C1,5.8,91.0,22,0,mev. Hulsema,0,2025-2026
1012,Julia Benjamins,Economie,A1,7.5,78.3,53,1,mev. Hulsema,0,2025-2026
1013,Lucas Smit,Economie,B1,8.0,94.4,27,1,dhr. Mulder,0,2025-2026
1014,Lucas De Groot,Zorg,A2,7.1,86.8,21,2,mev. Safon,0,2025-2026
1015,Ameen Bakker,ICT,A2,5.6,71.9,36,1,dhr. Benjamins,1,2025-2026
1016,Mohammed Benjamins,Handel,C2,6.2,92.5,21,1,mev. Safon,0,2025-2026
1017,Mohammed De Groot,Handel,D2,7.1,78.0,46,3,mev. Safon,0,2025-2026
1018,Ameen Sterk,Zorg,D1,6.6,88.5,25,1,mev. Safon,0,2025-2026
1019,Fatima Rijkaard,Zorg,D1,5.1,99.6,30,1,mev. Kuiper,0,2025-2026
1020,Aisha van Someren,Zorg,B1,7.0,72.9,52,0,dhr. Benjamins,0,2025-2026
1021,Eva de Vries,Handel,C1,7.3,82.9,34,1,mev. Hulsema,0,2025-2026
1022,Tessa Abu-Hanna,Zorg,B2,5.9,92.5,26,0,mev. Kuiper,0,2025-2026
1023,Aisha Jansen,ICT,B1,3.6,92.0,36,0,dhr. Benjamins,0,2025-2026
1024,Lucas de Vries,Techniek,C2,5.5,83.2,28,1,mev. Safon,0,2025-2026
1025,Julia van Someren,ICT,D2,5.5,80.1,32,1,mev. Safon,0,2025-2026
1026,Sam Kuiper,ICT,C1,6.6,98.7,28,0,mev. Kuiper,0,2025-2026
1027,Ameen Mulder,Zorg,C2,6.9,85.3,22,0,dhr. Hanna,0,2025-2026
1028,Tessa Mulder,Techniek,C2,7.1,94.6,45,0,dhr. De Groot,0,2025-2026
1029,Sam Sanchez,ICT,A1,7.3,88.1,20,1,dhr. De Groot,0,2025-2026
1030,Fatima van Someren,Economie,C1,8.2,77.2,31,0,mev. Smit,0,2025-2026
1031,Tessa Sterk,Zorg,C1,7.0,86.5,47,2,dhr. Hanna,0,2025-2026
1032,Steven Noordenbos,ICT,D2,6.9,86.1,55,1,dhr. Mulder,0,2025-2026
1033,Lucas De Groot,Zorg,C1,5.5,78.3,42,1,mev. Safon,0,2025-2026
1034,Ameen Kuiper,Zorg,D1,6.6,88.7,42,2,dhr. De Groot,0,2025-2026
1035,Fatima van Someren,Techniek,D1,6.1,77.6,32,2,mev. Kuiper,1,2025-2026
1036,Daan Kuiper,Handel,B2,7.1,72.6,25,4,dhr. Mulder,1,2025-2026
1037,Sam Sterk,Handel,C1,6.8,72.0,45,1,dhr. De Groot,0,2025-2026
1038,Daan De Groot,Handel,B1,6.9,79.1,38,0,dhr. De Groot,0,2025-2026
1039,Edith Sanchez,Techniek,B1,7.7,84.5,23,0,dhr. Mulder,0,2025-2026
1040,Eva Mulder,Zorg,D2,5.5,99.6,38,1,mev. Kuiper,0,2025-2026
1041,Edwin Boussata,Handel,C1,7.6,95.4,26,2,mev. Safon,0,2025-2026
1042,Aisha Mulder,Economie,A1,8.5,82.9,38,3,dhr. Mulder,1,2025-2026
1043,Lisa de Vries,Economie,D1,6.2,88.2,55,2,mev. Smit,0,2025-2026
1044,Lisa De Groot,Handel,C1,5.3,78.2,37,1,dhr. Mulder,0,2025-2026
1045,Ameen de Vries,Zorg,B2,6.6,83.6,42,2,mev. Hulsema,0,2025-2026
1046,Tessa Sterk,Economie,C2,7.1,91.8,56,2,mev. Kuiper,0,2025-2026
1047,Tessa Benjamins,Handel,C1,5.4,70.9,52,1,mev. Smit,0,2025-2026
1048,Julia Abu-Hanna,ICT,A1,5.3,76.1,52,0,dhr. Mulder,0,2025-2026
1049,Fatima de Vries,Techniek,C2,6.3,94.9,46,1,dhr. Hanna,0,2025-2026
1050,Fatima Sterk,Economie,D1,6.8,72.9,27,2,mev. Safon,0,2025-2026
1051,Edith de Vries,Techniek,C1,5.6,70.2,55,1,mev. Kuiper,0,2025-2026
1052,Fatima Groen,Techniek,A1,5.1,71.5,26,3,mev. Smit,1,2025-2026
1053,Ali de Vries,ICT,A2,6.2,74.8,60,0,dhr. Mulder,0,2025-2026
1054,Tessa Sanchez,Handel,D2,6.9,87.7,27,1,mev. Smit,0,2025-2026
1055,Daan Groen,ICT,B1,7.0,91.5,38,3,mev. Hulsema,0,2025-2026
1056,Fatima Bakker,Zorg,D1,7.7,74.7,42,1,mev. Hulsema,0,2025-2026
1057,Daan Mulder,ICT,B1,5.8,88.2,59,0,mev. Safon,0,2025-2026
1058,Aisha Sterk,ICT,A2,5.9,99.5,38,1,dhr. Hanna,0,2025-2026
1059,Mohammed van Someren,ICT,D1,6.0,77.2,41,4,mev. Kuiper,0,2025-2026
1060,Daan Boussata,Zorg,D2,7.2,73.9,52,2,mev. Kuiper,0,2025-2026
1061,Eva Groen,Techniek,D1,6.6,92.0,29,2,dhr. Hanna,1,2025-2026
1062,Edwin Rijkaard,Techniek,D1,6.3,73.4,56,1,dhr. Benjamins,0,2025-2026
1063,Edith Benjamins,ICT,A1,7.2,91.2,57,2,mev. Smit,0,2025-2026
1064,Ameen Bousme,ICT,C1,6.1,89.9,55,1,dhr. Benjamins,0,2025-2026
1065,Sam Smit,ICT,D2,5.7,81.9,40,0,dhr. Benjamins,0,2025-2026
1066,Tessa Sanchez,Techniek,A2,5.7,85.8,56,1,mev. Safon,0,2025-2026
1067,Eva Jansen,Techniek,B2,7.9,73.7,60,0,mev. Smit,0,2025-2026
1068,Steven Sterk,Handel,C2,8.9,95.4,38,1,dhr. Benjamins,0,2025-2026
1069,Koen Smit,Handel,A2,5.7,94.9,58,1,mev. Smit,0,2025-2026
1070,Eva Kuiper,Economie,A2,6.2,71.2,42,0,dhr. De Groot,1,2025-2026
1071,Aisha Smit,ICT,A1,7.4,88.0,23,1,dhr. Hanna,0,2025-2026
1072,Edith Groen,Handel,A2,7.5,71.3,52,0,mev. Hulsema,0,2025-2026
1073,Ameen Bousme,Economie,B2,7.9,91.5,41,1,mev. Kuiper,0,2025-2026
1074,Ali de Vries,Techniek,A2,6.9,79.0,42,0,mev. Smit,0,2025-2026
1075,Lisa Sterk,Handel,B2,5.9,73.7,58,0,mev. Kuiper,0,2025-2026
1076,Julia Bousme,Techniek,D2,6.3,71.7,31,3,mev. Smit,1,2025-2026
1077,Julia Boussata,ICT,D1,6.9,90.9,36,2,mev. Safon,0,2025-2026
1078,Edith Bakker,Handel,A1,6.4,90.2,44,0,dhr. Hanna,0,2025-2026
1079,Fatima Rijkaard,Zorg,C2,5.3,88.3,20,0,dhr. Hanna,0,2025-2026
1080,Sam van Someren,Economie,B2,4.9,76.7,40,0,dhr. Benjamins,0,2025-2026
1081,Lucas Boussata,Handel,D1,6.2,83.9,23,1,mev. Hulsema,0,2025-2026
1082,Sam Abu-Hanna,ICT,C1,6.4,75.3,37,0,mev. Hulsema,0,2025-2026
1083,Fatima Benjamins,Economie,A2,5.7,77.4,29,0,mev. Kuiper,0,2025-2026
1084,Edith Mulder,Zorg,A2,6.7,89.6,49,0,dhr. Benjamins,0,2025-2026
1085,Edwin Mulder,Economie,B1,5.1,79.2,29,2,mev. Kuiper,0,2025-2026
1086,Edith Rijkaard,Techniek,C2,7.7,93.0,29,1,mev. Hulsema,0,2025-2026
1087,Edith Abu-Hanna,Techniek,D1,4.6,97.5,23,0,dhr. Benjamins,0,2025-2026
1088,Aisha Benjamins,Zorg,B1,6.7,77.9,53,0,dhr. De Groot,0,2025-2026
1089,Edith Smit,ICT,D2,8.0,83.5,54,1,dhr. Benjamins,0,2025-2026
1090,Ameen Noordenbos,Handel,A2,7.3,76.7,47,0,mev. Hulsema,0,2025-2026
1091,Mohammed Rijkaard,Techniek,C2,6.0,90.2,20,4,dhr. Hanna,1,2025-2026
1092,Lisa Sanchez,Economie,D2,8.4,88.6,46,1,dhr. Mulder,0,2025-2026
1093,Sam Bakker,Handel,A1,6.7,84.2,42,1,mev. Kuiper,0,2025-2026
1094,Tessa Kuiper,Handel,D1,7.2,70.8,21,1,dhr. Hanna,0,2025-2026
1095,Fatima Groen,ICT,C1,7.0,92.3,27,0,dhr. Mulder,0,2025-2026
1096,Ali Abu-Hanna,Zorg,D1,5.3,90.1,47,3,mev. Smit,0,2025-2026
1097,Eva de Vries,Economie,C1,6.1,78.4,53,0,mev. Smit,0,2025-2026
1098,Steven Groen,Techniek,A1,5.8,99.2,44,0,mev. Smit,0,2025-2026
1099,Lisa Benjamins,Handel,B2,7.0,75.0,26,0,mev. Smit,0,2025-2026
1100,Daan Kuiper,Economie,B1,7.0,82.5,41,2,mev. Kuiper,0,2025-2026
1101,Fatima Bousme,Zorg,C2,7.7,71.9,44,0,mev. Kuiper,0,2025-2026
1102,Julia Groen,Handel,B1,7.1,75.4,50,0,mev. Smit,0,2025-2026
1103,Tessa Sanchez,Zorg,D1,6.5,94.1,23,2,mev. Smit,1,2025-2026
1104,Steven Abu-Hanna,Zorg,D1,3.7,95.2,28,0,dhr. Benjamins,0,2025-2026
1105,Tessa Bousme,Zorg,A1,4.1,70.5,33,1,dhr. Mulder,0,2025-2026
1106,Tessa Groen,Economie,B1,5.4,94.0,48,1,dhr. De Groot,0,2025-2026
1107,Fatima Sterk,Zorg,B2,5.2,72.4,52,0,mev. Hulsema,0,2025-2026
1108,Aisha Mulder,Zorg,A1,6.3,82.6,40,3,dhr. Hanna,1,2025-2026
1109,Eva Sanchez,Handel,B2,7.1,99.2,37,0,mev. Kuiper,0,2025-2026
1110,Lisa Boussata,Techniek,B1,5.7,86.3,40,0,dhr. De Groot,0,2025-2026
1111,Ameen Noordenbos,Zorg,B1,8.5,82.7,22,0,dhr. Benjamins,0,2025-2026
1112,Fatima Noordenbos,Economie,D1,7.9,81.3,44,2,mev. Hulsema,0,2025-2026
1113,Mohammed van Someren,Handel,A1,5.2,94.1,39,1,mev. Smit,0,2025-2026
1114,Edith Smit,Economie,C1,6.2,74.0,50,3,dhr. Mulder,1,2025-2026
1115,Koen Sterk,Economie,B2,6.6,99.6,34,0,dhr. Benjamins,0,2025-2026
1116,Ameen Sterk,Handel,B1,5.5,81.9,59,0,mev. Smit,0,2025-2026
1117,Steven Groen,Economie,D2,7.9,80.6,59,0,mev. Kuiper,0,2025-2026
1118,Julia Jansen,Zorg,B1,5.9,79.6,34,3,dhr. De Groot,0,2025-2026
1119,Julia Kuiper,Zorg,B2,5.4,76.9,26,0,mev. Smit,0,2025-2026
1120,Edwin Jansen,Economie,D2,6.5,70.5,55,0,mev. Smit,0,2025-2026
1121,Steven Smit,Zorg,C2,7.9,76.8,46,1,mev. Smit,0,2025-2026
1122,Edwin Rijkaard,Economie,B1,6.9,78.8,35,1,dhr. Mulder,0,2025-2026
1123,Sam Boussata,ICT,C2,6.5,81.7,53,1,dhr. Benjamins,0,2025-2026
1124,Steven Sterk,Economie,B1,7.7,96.4,48,2,dhr. De Groot,0,2025-2026
1125,Lisa Rijkaard,Techniek,C1,5.9,80.3,38,0,dhr. Hanna,0,2025-2026
1126,Daan van Someren,Handel,B2,6.2,92.9,27,1,dhr. De Groot,0,2025-2026
1127,Aisha Bakker,Techniek,B1,7.1,98.1,57,0,mev. Smit,0,2025-2026
1128,Sam Sanchez,Handel,D2,5.9,82.2,43,1,mev. Safon,0,2025-2026
1129,Lisa Sterk,Economie,A1,6.9,97.2,34,0,mev. Smit,0,2025-2026
1130,Sam Mulder,ICT,B1,4.7,87.0,53,0,dhr. Benjamins,0,2025-2026
1131,Koen Sterk,Handel,A1,4.9,97.5,32,1,dhr. Mulder,1,2025-2026
1132,Edwin Benjamins,Techniek,A1,6.5,99.9,60,2,mev. Kuiper,0,2025-2026
1133,Julia de Vries,Economie,A1,6.5,79.0,33,0,mev. Smit,0,2025-2026
1134,Steven de Vries,Economie,B1,7.0,74.5,24,0,mev. Smit,0,2025-2026
1135,Julia Bousme,Techniek,A2,7.1,95.7,26,0,mev. Hulsema,0,2025-2026
1136,Fatima Noordenbos,ICT,B2,5.8,89.0,21,2,mev. Kuiper,0,2025-2026
1137,Lucas Bousme,Zorg,C2,6.8,91.6,56,1,dhr. De Groot,0,2025-2026
1138,Ameen Smit,Handel,D1,5.2,94.9,31,2,mev. Safon,0,2025-2026
1139,Sam Kuiper,Handel,C1,5.7,92.9,41,0,mev. Kuiper,0,2025-2026
1140,Sam Jansen,Economie,B2,5.4,70.5,55,2,dhr. De Groot,0,2025-2026
1141,Koen Rijkaard,Zorg,C1,6.2,83.8,58,0,dhr. Mulder,0,2025-2026
1142,Daan Sterk,Techniek,B2,6.7,81.5,39,1,mev. Hulsema,0,2025-2026
1143,Edwin Kuiper,ICT,C2,8.6,87.0,56,0,mev. Safon,0,2025-2026
1144,Daan Boussata,ICT,A1,5.9,88.3,39,0,dhr. Mulder,0,2025-2026
1145,Mohammed Mulder,ICT,C1,6.3,97.0,37,2,dhr. Hanna,0,2025-2026
1146,Daan Mulder,Zorg,B1,6.9,76.6,36,3,mev. Hulsema,1,2025-2026
1147,Mohammed Groen,Zorg,D2,7.8,85.8,54,1,mev. Safon,0,2025-2026
1148,Lisa Rijkaard,Handel,C1,5.9,84.1,53,0,mev. Smit,0,2025-2026
1149,Edith Kuiper,Techniek,C1,6.2,92.2,46,1,dhr. De Groot,0,2025-2026
1150,Sam Bousme,Zorg,C1,8.0,86.7,24,0,mev. Hulsema,0,2025-2026
1151,Ali Groen,Techniek,C1,6.6,81.4,31,0,mev. Smit,0,2025-2026
1152,Koen Kuiper,Techniek,C2,6.6,79.7,29,0,mev. Kuiper,0,2025-2026
1153,Edwin Smit,ICT,D1,6.6,79.4,56,2,mev. Smit,0,2025-2026
1154,Edwin Jansen,Handel,A1,5.7,79.0,33,1,dhr. De Groot,0,2025-2026
1155,Koen Smit,Handel,D1,6.4,88.2,49,2,mev. Safon,0,2025-2026
1156,Edith De Groot,Techniek,D2,5.7,99.6,47,1,dhr. Benjamins,0,2025-2026
1157,Mohammed Jansen,Zorg,A1,5.8,90.9,35,1,mev. Kuiper,1,2025-2026
1158,Ameen Abu-Hanna,Zorg,D1,6.0,90.1,60,1,mev. Hulsema,0,2025-2026
1159,Julia Sanchez,Zorg,B2,7.2,96.3,42,0,mev. Smit,0,2025-2026
1160,Lisa Boussata,Zorg,B2,7.2,87.2,37,0,dhr. De Groot,0,2025-2026
1161,Fatima Mulder,Handel,D1,6.4,96.7,54,0,mev. Kuiper,0,2025-2026
1162,Lisa Groen,Economie,A2,5.5,93.9,22,2,mev. Kuiper,0,2025-2026
1163,Aisha Mulder,ICT,A1,5.6,85.2,57,2,mev. Kuiper,0,2025-2026
1164,Koen Mulder,Handel,B1,6.8,96.8,31,1,dhr. Benjamins,0,2025-2026
1165,Lisa van Someren,Techniek,A2,7.3,74.6,41,1,mev. Kuiper,0,2025-2026
1166,Steven Sterk,Handel,B2,8.7,78.3,55,0,mev. Smit,0,2025-2026
1167,Lucas Bousme,Zorg,D2,5.5,76.2,36,1,mev. Kuiper,0,2025-2026
1168,Sam van Someren,Techniek,D2,8.8,77.7,24,1,dhr. De Groot,0,2025-2026
1169,Steven Noordenbos,Handel,A1,6.9,91.7,57,0,dhr. Benjamins,0,2025-2026
1170,Julia Smit,Economie,D1,8.2,98.0,36,1,dhr. Hanna,0,2025-2026
1171,Julia Bakker,Zorg,D2,4.7,75.1,33,1,mev. Kuiper,1,2025-2026
1172,Aisha Smit,Handel,A2,5.8,82.6,28,1,dhr. Benjamins,0,2025-2026
1173,Aisha Sterk,ICT,A1,5.4,89.3,23,2,dhr. Hanna,1,2025-2026
1174,Eva Bousme,Zorg,A1,6.5,83.8,27,3,mev. Hulsema,1,2025-2026
1175,Lisa Groen,Techniek,A1,6.7,93.2,54,1,mev. Hulsema,0,2025-2026
1176,Julia Sanchez,Handel,B1,7.4,80.3,60,1,mev. Smit,0,2025-2026
1177,Ali Groen,Economie,C1,7.7,74.7,22,0,dhr. Mulder,0,2025-2026
1178,Edwin van Someren,Economie,A1,6.2,93.7,29,2,mev. Kuiper,0,2025-2026
1179,Sam Kuiper,Techniek,C1,6.9,94.9,38,0,dhr. Benjamins,0,2025-2026
1180,Lisa De Groot,Techniek,A2,6.2,98.3,35,2,mev. Kuiper,0,2025-2026
1181,Edith Benjamins,Handel,A2,8.4,82.6,22,0,mev. Smit,0,2025-2026
1182,Tessa Noordenbos,Zorg,C2,6.5,77.9,35,1,mev. Smit,0,2025-2026
1183,Edwin Kuiper,Handel,A1,6.8,77.2,25,1,mev. Hulsema,1,2025-2026
1184,Ameen Benjamins,Techniek,A2,5.8,79.2,36,2,mev. Kuiper,1,2025-2026
1185,Aisha Smit,Techniek,B1,4.5,77.0,47,1,mev. Kuiper,1,2025-2026
1186,Koen Abu-Hanna,Handel,D1,7.0,79.3,33,1,dhr. Hanna,0,2025-2026
1187,Tessa Kuiper,Zorg,C2,8.7,93.4,35,2,mev. Kuiper,0,2025-2026
1188,Tessa Bakker,Zorg,C1,8.3,94.0,41,0,mev. Kuiper,0,2025-2026
1189,Ameen Benjamins,Zorg,B2,7.2,86.8,59,1,dhr. Benjamins,0,2025-2026
1190,Koen De Groot,Handel,A1,6.9,98.4,28,0,mev. Safon,0,2025-2026
1191,Daan Sanchez,ICT,D2,5.7,71.8,60,0,dhr. Mulder,0,2025-2026
1192,Eva Rijkaard,Handel,B1,6.2,92.7,24,0,dhr. Hanna,0,2025-2026
1193,Lucas Sanchez,Techniek,D2,7.5,82.6,52,1,dhr. Hanna,0,2025-2026
1194,Steven Bousme,Zorg,B2,6.3,83.7,26,0,mev. Hulsema,0,2025-2026
1195,Sam Noordenbos,Techniek,B2,5.6,92.2,27,1,mev. Safon,0,2025-2026
1196,Sam Mulder,Economie,B2,7.1,81.7,40,1,mev. Safon,0,2025-2026
1197,Sam Benjamins,Techniek,D1,6.9,78.7,42,1,dhr. Hanna,0,2025-2026
1198,Ameen van Someren,Economie,D1,4.7,83.0,53,1,mev. Safon,0,2025-2026
1199,Lisa Rijkaard,Zorg,D2,5.1,89.0,47,2,dhr. Mulder,1,2025-2026
1200,Fatima Jansen,Economie,A1,6.7,72.9,60,0,dhr. De Groot,0,2025-2026
1201,Aisha Boussata,ICT,D2,7.0,86.1,26,1,mev. Kuiper,0,2025-2026
1202,Edith de Vries,Economie,B1,7.2,95.6,48,1,mev. Smit,0,2025-2026
1203,Mohammed Sanchez,Economie,A1,6.7,96.8,54,0,mev. Smit,0,2025-2026
1204,Koen Noordenbos,Techniek,C1,8.3,83.0,33,1,dhr. Benjamins,0,2025-2026
1205,Koen Benjamins,Economie,C1,6.2,98.7,49,1,dhr. Mulder,0,2025-2026
1206,Lisa Kuiper,Economie,B1,5.5,70.2,33,1,dhr. De Groot,0,2025-2026
1207,Lucas Sanchez,Techniek,B1,4.2,90.6,48,2,mev. Smit,0,2025-2026
1208,Lisa van Someren,Techniek,D1,6.4,76.0,50,0,dhr. Benjamins,0,2025-2026
1209,Mohammed Jansen,Zorg,B2,5.7,83.9,52,1,dhr. Hanna,0,2025-2026
1210,Sam Boussata,Zorg,B1,5.4,93.9,42,1,dhr. Hanna,0,2025-2026
1211,Edith Abu-Hanna,Economie,D1,7.6,80.0,52,3,mev. Hulsema,1,2025-2026
1212,Aisha Sanchez,ICT,B1,7.3,71.4,29,1,mev. Safon,0,2025-2026
1213,Fatima Abu-Hanna,Handel,C1,5.1,76.0,52,0,mev. Hulsema,1,2025-2026
1214,Ali Noordenbos,Economie,A2,6.3,79.9,34,2,dhr. Benjamins,0,2025-2026
1215,Sam De Groot,ICT,C1,7.4,91.1,53,0,dhr. Benjamins,0,2025-2026
1216,Sam Mulder,ICT,D1,5.8,74.3,55,1,dhr. Mulder,0,2025-2026
1217,Mohammed Smit,ICT,B2,6.7,73.6,24,1,mev. Safon,1,2025-2026
1218,Lisa Kuiper,ICT,C2,8.0,85.0,55,1,mev. Kuiper,0,2025-2026
1219,Lisa Mulder,Handel,B1,6.3,96.0,33,1,mev. Safon,0,2025-2026
1220,Fatima Rijkaard,Zorg,A2,6.7,96.6,20,1,mev. Smit,0,2025-2026
1221,Mohammed Boussata,Techniek,A2,5.1,72.3,59,4,mev. Hulsema,1,2025-2026
1222,Steven Kuiper,Handel,A2,5.2,80.0,43,1,mev. Hulsema,1,2025-2026
1223,Fatima Sterk,ICT,C1,3.9,91.6,23,1,dhr. De Groot,0,2025-2026
1224,Edwin Mulder,Handel,B1,3.8,75.7,28,1,mev. Safon,0,2025-2026
1225,Eva Rijkaard,ICT,B1,6.3,71.7,54,0,mev. Smit,0,2025-2026
1226,Ali Sterk,Handel,B1,6.6,95.2,36,0,mev. Hulsema,0,2025-2026
1227,Aisha Boussata,Techniek,A1,4.6,76.2,38,3,dhr. De Groot,1,2025-2026
1228,Daan Rijkaard,Economie,B2,5.0,92.4,46,0,dhr. Benjamins,0,2025-2026
1229,Sam Rijkaard,Handel,C2,6.2,71.6,57,0,mev. Kuiper,0,2025-2026
1230,Mohammed Kuiper,Techniek,C1,6.3,70.6,40,1,dhr. De Groot,0,2025-2026
1231,Lisa Jansen,Handel,C2,6.5,71.1,44,2,mev. Hulsema,0,2025-2026
1232,Aisha Sterk,ICT,B1,8.1,80.1,56,0,mev. Smit,0,2025-2026
1233,Mohammed Smit,Handel,D2,6.6,90.9,58,1,mev. Hulsema,0,2025-2026
1234,Mohammed Benjamins,ICT,D1,5.3,88.3,59,0,mev. Kuiper,0,2025-2026
1235,Edith Rijkaard,ICT,C1,5.3,72.1,54,1,mev. Hulsema,0,2025-2026
1236,Daan Mulder,ICT,A1,7.5,79.3,51,1,mev. Smit,0,2025-2026
1237,Edith Boussata,Handel,B1,6.7,81.7,58,3,dhr. Mulder,0,2025-2026
1238,Julia Sanchez,Handel,D1,6.3,81.5,48,0,mev. Smit,0,2025-2026
1239,Tessa Mulder,Economie,D1,7.2,91.0,36,0,dhr. Mulder,0,2025-2026
1240,Mohammed Mulder,ICT,A1,6.1,84.8,58,1,dhr. De Groot,0,2025-2026
1241,Ali Bousme,Techniek,C1,7.3,79.8,37,0,mev. Safon,0,2025-2026
1242,Tessa Sterk,Zorg,D2,6.4,95.6,52,0,mev. Smit,0,2025-2026
1243,Eva Groen,Economie,D1,8.0,74.7,51,0,mev. Safon,0,2025-2026
1244,Ali van Someren,Zorg,B1,6.6,88.6,32,2,mev. Hulsema,0,2025-2026
1245,Mohammed Kuiper,Economie,A1,5.7,79.8,46,2,mev. Kuiper,1,2025-2026
1246,Edith Bousme,Zorg,D2,6.5,78.4,21,0,dhr. De Groot,0,2025-2026
1247,Julia De Groot,Handel,A2,6.1,91.6,44,2,mev. Hulsema,0,2025-2026
1248,Tessa Kuiper,Economie,D2,5.7,89.8,33,2,dhr. De Groot,1,2025-2026
1249,Lucas Noordenbos,Techniek,C2,7.8,88.3,37,0,mev. Kuiper,0,2025-2026
1250,Steven Groen,Handel,D1,7.2,89.7,42,2,mev. Safon,0,2025-2026
1251,Koen van Someren,Economie,B2,6.7,87.0,52,1,mev. Hulsema,0,2025-2026
1252,Koen Abu-Hanna,ICT,D1,7.2,78.9,36,0,dhr. De Groot,0,2025-2026
1253,Ali De Groot,Techniek,A2,6.7,94.7,34,1,mev. Safon,0,2025-2026
1254,Mohammed Rijkaard,Economie,D2,7.6,86.8,47,2,mev. Hulsema,0,2025-2026
1255,Tessa Sanchez,Techniek,B1,6.1,74.5,44,1,dhr. De Groot,1,2025-2026
1256,Lucas van Someren,Handel,D2,6.2,74.4,59,0,dhr. Mulder,0,2025-2026
1257,Steven Groen,ICT,C1,5.7,82.0,39,0,mev. Hulsema,0,2025-2026
1258,Steven Jansen,ICT,B1,6.9,86.5,46,1,dhr. Benjamins,0,2025-2026
1259,Edith Bakker,Handel,C1,4.1,85.8,48,1,dhr. De Groot,0,2025-2026
1260,Steven Jansen,Zorg,A1,6.2,95.8,42,0,dhr. Benjamins,0,2025-2026
1261,Edwin De Groot,Zorg,B1,7.9,82.0,31,1,mev. Hulsema,0,2025-2026
1262,Steven Bakker,Zorg,B2,6.7,74.2,39,1,mev. Hulsema,0,2025-2026
1263,Edith Noordenbos,Handel,C2,5.7,84.0,20,0,dhr. De Groot,0,2025-2026
1264,Julia Groen,Economie,B2,7.7,76.0,46,1,dhr. De Groot,0,2025-2026
1265,Edith de Vries,Economie,C2,6.1,99.2,41,0,dhr. Hanna,0,2025-2026
1266,Edith Mulder,Economie,D2,7.1,92.8,47,1,mev. Kuiper,0,2025-2026
1267,Lucas Jansen,Techniek,D2,6.0,75.8,32,1,dhr. Mulder,0,2025-2026
1268,Sam Abu-Hanna,Economie,A1,6.2,98.1,57,1,mev. Hulsema,0,2025-2026
1269,Fatima Sterk,ICT,D2,4.3,73.5,30,2,mev. Hulsema,0,2025-2026
1270,Sam Jansen,Techniek,C1,6.2,80.8,26,2,mev. Smit,1,2025-2026
1271,Eva Bakker,Techniek,A1,9.4,89.8,59,1,mev. Smit,0,2025-2026
1272,Mohammed de Vries,ICT,D2,7.3,79.7,39,0,mev. Smit,0,2025-2026
1273,Steven Mulder,Handel,D2,8.8,92.7,38,2,dhr. Benjamins,0,2025-2026
1274,Lucas van Someren,Handel,C2,6.2,86.3,54,1,dhr. Hanna,0,2025-2026
1275,Aisha Smit,Zorg,C1,6.3,70.9,39,1,dhr. Mulder,0,2025-2026
1276,Ameen Sterk,Techniek,A2,6.7,77.0,46,0,mev. Kuiper,0,2025-2026
1277,Koen van Someren,Handel,A2,5.2,76.1,46,2,dhr. Mulder,1,2025-2026
1278,Edwin Jansen,Zorg,D2,6.5,79.6,56,1,mev. Smit,0,2025-2026
1279,Mohammed Jansen,Handel,D1,6.1,72.6,36,0,mev. Hulsema,0,2025-2026
1280,Ali van Someren,ICT,D1,5.2,92.5,53,1,mev. Hulsema,0,2025-2026
1281,Aisha Mulder,Zorg,B1,6.2,80.6,47,1,dhr. Benjamins,0,2025-2026
1282,Lucas Bousme,Techniek,C2,8.8,77.4,50,0,dhr. Mulder,0,2025-2026
1283,Mohammed de Vries,Techniek,C2,5.5,76.9,24,1,dhr. Mulder,1,2025-2026
1284,Koen Smit,Economie,B2,6.4,95.5,36,1,dhr. Mulder,0,2025-2026
1285,Edwin Kuiper,ICT,C1,8.9,96.4,48,0,dhr. Hanna,0,2025-2026
1286,Tessa Sanchez,ICT,D1,7.4,79.8,29,1,dhr. Mulder,0,2025-2026
1287,Tessa Benjamins,Techniek,A1,8.3,84.9,33,0,mev. Smit,0,2025-2026
1288,Mohammed Groen,ICT,C2,7.7,99.3,41,0,dhr. Hanna,0,2025-2026
1289,Lucas Rijkaard,ICT,C2,7.8,95.4,35,1,mev. Hulsema,0,2025-2026
1290,Daan van Someren,Techniek,D1,8.4,92.9,43,1,mev. Safon,0,2025-2026
1291,Koen Groen,ICT,B2,6.9,87.8,35,2,mev. Safon,0,2025-2026
1292,Tessa Mulder,Handel,C2,7.7,87.9,44,0,mev. Hulsema,0,2025-2026
1293,Ameen De Groot,Zorg,D1,6.6,72.4,43,2,mev. Smit,1,2025-2026
1294,Edith van Someren,ICT,B1,6.2,86.0,37,0,mev. Smit,0,2025-2026
1295,Ali Kuiper,Economie,A1,5.4,99.2,60,0,mev. Hulsema,0,2025-2026
1296,Daan Bousme,Zorg,B2,5.9,96.8,48,1,mev. Hulsema,0,2025-2026
1297,Daan Groen,Zorg,D1,8.4,99.9,49,2,mev. Safon,0,2025-2026
1298,Steven Groen,Handel,C1,7.2,79.3,39,0,mev. Hulsema,0,2025-2026
1299,Eva Kuiper,ICT,A2,6.3,80.1,39,1,dhr. Benjamins,0,2025-2026
1300,Sam De Groot,Economie,A1,7.1,87.1,36,2,mev. Smit,0,2025-2026
1301,Steven Smit,Economie,D1,4.5,97.5,48,0,dhr. Hanna,0,2025-2026
1302,Koen Benjamins,Economie,B1,6.2,96.7,26,3,dhr. Hanna,1,2025-2026
1303,Ali Abu-Hanna,Techniek,B1,6.7,95.4,42,1,dhr. Mulder,0,2025-2026
1304,Ali Bousme,Zorg,A1,7.0,94.3,41,0,mev. Safon,0,2025-2026
1305,Daan Bousme,Zorg,C1,6.7,97.5,24,1,dhr. Hanna,0,2025-2026
1306,Fatima Jansen,ICT,A1,6.5,92.4,29,2,mev. Kuiper,0,2025-2026
1307,Steven de Vries,ICT,C1,6.8,75.2,57,0,mev. Safon,0,2025-2026
1308,Koen De Groot,ICT,C1,8.1,88.1,46,0,dhr. Mulder,0,2025-2026
1309,Ameen De Groot,Economie,A2,5.7,80.1,48,2,mev. Kuiper,1,2025-2026
1310,Ameen Groen,Techniek,C1,5.3,70.0,40,1,dhr. Benjamins,0,2025-2026
1311,Ameen Sterk,Techniek,C1,5.8,99.2,39,0,mev. Smit,0,2025-2026
1312,Lisa Benjamins,ICT,C2,9.1,90.4,54,0,dhr. De Groot,0,2025-2026
1313,Koen Mulder,Zorg,B1,7.0,94.4,21,0,mev. Safon,0,2025-2026
1314,Eva Bousme,Zorg,A2,6.3,73.0,31,2,dhr. Hanna,1,2025-2026
1315,Daan Rijkaard,Zorg,B1,6.7,70.8,52,0,dhr. Hanna,0,2025-2026
1316,Aisha Mulder,Handel,C1,5.9,78.7,38,0,mev. Kuiper,0,2025-2026
1317,Ali Benjamins,ICT,D2,6.1,94.2,33,1,mev. Kuiper,0,2025-2026
1318,Aisha Mulder,Zorg,C2,5.2,92.7,42,1,mev. Kuiper,0,2025-2026
1319,Lucas Abu-Hanna,Economie,D2,6.1,76.4,24,0,mev. Safon,0,2025-2026
1320,Ali Smit,ICT,A2,5.8,97.5,58,1,dhr. Mulder,0,2025-2026
1321,Koen Kuiper,ICT,B2,6.6,96.9,22,1,mev. Smit,0,2025-2026
1322,Ali Benjamins,ICT,A2,7.0,93.5,38,1,mev. Hulsema,0,2025-2026
1323,Ali Noordenbos,ICT,C1,7.4,79.2,60,1,mev. Smit,0,2025-2026
1324,Lisa van Someren,Handel,D1,5.5,92.6,52,2,mev. Kuiper,0,2025-2026
1325,Ali Groen,Techniek,D2,5.4,98.2,21,2,mev. Smit,1,2025-2026
1326,Lisa De Groot,Zorg,D2,5.3,80.7,46,2,dhr. Mulder,1,2025-2026
1327,Ameen Bousme,Economie,C1,6.8,95.1,47,2,mev. Safon,0,2025-2026
1328,Eva Bousme,Handel,A1,6.7,79.9,29,1,mev. Smit,0,2025-2026
1329,Steven Rijkaard,Zorg,A2,6.2,99.7,37,1,mev. Smit,0,2025-2026
1330,Sam Boussata,Economie,B2,5.8,79.8,52,2,mev. Hulsema,0,2025-2026
1331,Mohammed Sterk,Techniek,C1,5.0,93.0,20,2,dhr. Benjamins,0,2025-2026
1332,Edwin Sterk,Handel,D2,7.7,84.8,35,0,mev. Hulsema,0,2025-2026
1333,Ali van Someren,ICT,B2,6.9,72.1,32,0,mev. Safon,1,2025-2026
1334,Lisa Jansen,Techniek,C1,7.5,73.8,27,2,dhr. Benjamins,0,2025-2026
1335,Eva Sterk,Techniek,A2,6.3,93.4,50,3,dhr. Benjamins,0,2025-2026
1336,Sam Groen,Economie,C2,6.2,75.7,48,2,dhr. Hanna,0,2025-2026
1337,Sam Noordenbos,Zorg,C2,4.9,76.8,23,0,dhr. Hanna,0,2025-2026
1338,Edith Mulder,Techniek,B1,5.7,76.7,31,2,dhr. Mulder,1,2025-2026
1339,Sam Smit,Zorg,D2,9.1,79.8,56,0,dhr. De Groot,0,2025-2026
1340,Lucas Sanchez,Zorg,B2,8.3,86.6,40,1,mev. Safon,0,2025-2026
1341,Lisa Jansen,Zorg,D1,5.4,84.1,56,0,mev. Safon,0,2025-2026
1342,Lisa Bousme,Handel,A2,5.7,96.6,58,0,mev. Smit,0,2025-2026
1343,Lisa Mulder,Zorg,C2,7.8,88.5,57,1,dhr. Hanna,0,2025-2026
1344,Tessa Abu-Hanna,ICT,D1,8.2,92.3,40,0,dhr. Mulder,0,2025-2026
1345,Eva De Groot,Techniek,C1,6.3,96.9,58,1,mev. Hulsema,0,2025-2026
1346,Koen Jansen,Economie,A2,8.5,72.2,33,0,mev. Smit,0,2025-2026
1347,Daan Bousme,Handel,C1,5.4,88.9,38,1,mev. Safon,0,2025-2026
1348,Ameen van Someren,ICT,A2,7.1,93.5,55,1,mev. Safon,0,2025-2026
1349,Mohammed de Vries,Economie,B2,5.7,99.6,51,1,mev. Kuiper,0,2025-2026
1350,Daan Abu-Hanna,Techniek,D1,5.0,85.5,54,1,mev. Smit,0,2025-2026
1351,Tessa Sanchez,Economie,B2,6.5,70.1,54,1,mev. Smit,1,2025-2026
1352,Eva Bousme,Economie,A1,6.4,88.3,37,1,dhr. Mulder,0,2025-2026
1353,Daan de Vries,Zorg,A1,5.1,78.2,56,2,mev. Safon,1,2025-2026
1354,Daan van Someren,Techniek,C1,4.4,90.4,25,0,dhr. Hanna,0,2025-2026
1355,Daan Abu-Hanna,Handel,C1,6.1,91.2,48,0,mev. Hulsema,0,2025-2026
1356,Fatima Boussata,Techniek,A1,6.1,94.4,60,1,mev. Smit,0,2025-2026
1357,Lucas Benjamins,Zorg,B2,6.7,83.2,23,0,dhr. Mulder,0,2025-2026
1358,Edwin Jansen,Zorg,C1,6.4,78.8,46,0,mev. Hulsema,0,2025-2026
1359,Ameen Smit,Economie,A2,4.7,95.3,25,2,dhr. De Groot,0,2025-2026
1360,Aisha Boussata,Techniek,D2,6.1,82.3,28,1,dhr. Mulder,0,2025-2026
1361,Mohammed Abu-Hanna,Economie,A2,7.9,78.3,49,0,mev. Smit,0,2025-2026
1362,Lucas De Groot,Handel,C2,6.6,70.9,50,0,mev. Kuiper,0,2025-2026
1363,Eva Kuiper,Economie,C2,4.8,79.0,35,0,dhr. De Groot,0,2025-2026
1364,Ali Mulder,Zorg,B2,6.1,71.4,55,2,mev. Kuiper,1,2025-2026
1365,Eva Noordenbos,Zorg,A1,7.1,87.0,30,0,mev. Hulsema,0,2025-2026
1366,Steven Groen,Economie,C2,6.2,78.2,46,0,mev. Hulsema,0,2025-2026
1367,Ali Bakker,Techniek,C1,5.4,79.5,51,0,dhr. Mulder,0,2025-2026
1368,Aisha Sterk,Zorg,C1,6.7,96.4,56,1,mev. Safon,0,2025-2026
1369,Edwin De Groot,Economie,C1,6.3,79.7,25,2,mev. Kuiper,0,2025-2026
1370,Mohammed Kuiper,Zorg,D2,4.8,71.0,30,0,mev. Hulsema,1,2025-2026
1371,Sam Sterk,Techniek,D1,6.6,93.0,52,3,mev. Kuiper,0,2025-2026
1372,Lucas Rijkaard,Zorg,A2,6.5,74.0,49,0,dhr. Benjamins,0,2025-2026
1373,Ameen De Groot,Techniek,C2,5.7,91.7,58,2,dhr. Benjamins,0,2025-2026
1374,Ameen Mulder,Economie,A1,8.1,74.8,38,1,dhr. Mulder,0,2025-2026
1375,Aisha Smit,Economie,A1,7.0,78.6,47,1,dhr. Benjamins,0,2025-2026
1376,Tessa Bousme,Handel,C2,6.0,70.2,45,2,dhr. De Groot,0,2025-2026
1377,Mohammed Mulder,Economie,D1,5.4,77.9,29,2,mev. Safon,1,2025-2026
1378,Aisha Boussata,Handel,B1,6.8,75.4,28,0,mev. Safon,0,2025-2026
1379,Eva Sterk,Techniek,C1,4.4,97.7,30,1,mev. Smit,0,2025-2026
1380,Tessa Sanchez,ICT,A2,7.6,72.1,43,0,dhr. Hanna,0,2025-2026
1381,Aisha de Vries,Handel,B2,4.7,71.7,43,0,dhr. Hanna,0,2025-2026
1382,Daan Boussata,Zorg,A1,6.5,71.3,30,3,dhr. Benjamins,1,2025-2026
1383,Julia Kuiper,ICT,B2,4.5,90.1,33,0,mev. Hulsema,0,2025-2026
1384,Julia Sanchez,Economie,D1,8.2,78.0,56,1,mev. Hulsema,0,2025-2026
1385,Tessa Bakker,Zorg,B2,6.0,98.5,60,1,dhr. De Groot,0,2025-2026
1386,Daan Jansen,Handel,C2,7.2,98.1,30,2,mev. Smit,0,2025-2026
1387,Tessa Mulder,Zorg,B2,6.2,85.2,58,0,mev. Kuiper,0,2025-2026
1388,Ali Kuiper,Techniek,C1,7.1,85.0,35,0,dhr. Benjamins,0,2025-2026
1389,Tessa Bakker,Handel,A1,6.2,85.3,32,1,mev. Smit,0,2025-2026
1390,Mohammed Bakker,Economie,B1,4.9,86.7,20,0,dhr. De Groot,0,2025-2026
1391,Lisa Rijkaard,Techniek,C2,6.8,72.2,42,1,mev. Hulsema,0,2025-2026
1392,Koen Bakker,ICT,A1,6.0,97.5,28,0,mev. Kuiper,0,2025-2026
1393,Fatima Sterk,ICT,D1,7.2,81.1,41,2,mev. Safon,1,2025-2026
1394,Tessa Sterk,Zorg,C2,4.3,81.8,54,0,dhr. De Groot,0,2025-2026
1395,Edwin Sterk,Handel,A2,5.3,76.2,28,1,mev. Hulsema,0,2025-2026
1396,Lisa Benjamins,Handel,C2,7.7,87.2,52,2,mev. Smit,0,2025-2026
1397,Koen Bakker,Techniek,C2,9.2,71.4,38,0,dhr. Hanna,0,2025-2026
1398,Koen Abu-Hanna,Economie,C1,6.5,73.3,55,2,dhr. Benjamins,0,2025-2026
1399,Aisha Noordenbos,Handel,A2,6.6,73.8,59,1,dhr. De Groot,0,2025-2026
1400,Eva Mulder,ICT,B1,7.2,98.3,48,0,mev. Safon,0,2025-2026
1401,Tessa Sanchez,Zorg,C1,7.3,86.1,37,1,dhr. Mulder,0,2025-2026
1402,Edwin Sanchez,Zorg,B2,6.0,70.4,38,1,dhr. Benjamins,0,2025-2026
1403,Koen Sterk,Economie,A2,6.4,72.7,58,1,mev. Smit,0,2025-2026
1404,Mohammed Noordenbos,ICT,C1,7.1,71.8,59,0,mev. Smit,0,2025-2026
1405,Steven Sanchez,Handel,D2,5.8,99.2,23,1,mev. Hulsema,0,2025-2026
1406,Tessa Bousme,Economie,D1,6.8,71.1,41,1,mev. Smit,0,2025-2026
1407,Ameen Rijkaard,Economie,A1,7.0,78.8,58,2,dhr. Hanna,0,2025-2026
1408,Ali Bakker,Techniek,B1,5.8,98.6,44,2,mev. Kuiper,0,2025-2026
1409,Eva Noordenbos,Handel,A2,5.2,70.0,20,1,mev. Kuiper,0,2025-2026
1410,Edith de Vries,Zorg,C1,6.6,75.7,58,1,mev. Kuiper,0,2025-2026
1411,Daan Rijkaard,ICT,A1,6.1,72.8,59,2,dhr. De Groot,0,2025-2026
1412,Sam Sanchez,ICT,D2,7.1,97.3,34,1,dhr. Mulder,0,2025-2026
1413,Mohammed Sterk,Economie,B2,5.1,79.2,23,1,mev. Safon,1,2025-2026
1414,Fatima Sanchez,Economie,D2,6.8,74.4,33,1,dhr. De Groot,0,2025-2026
1415,Edith Kuiper,Handel,C1,6.0,79.9,27,0,dhr. Hanna,0,2025-2026
1416,Ameen Boussata,ICT,D2,6.1,70.3,51,1,mev. Hulsema,0,2025-2026
1417,Fatima Sanchez,ICT,C2,6.6,85.6,31,2,dhr. De Groot,1,2025-2026
1418,Eva Kuiper,Handel,D1,5.9,86.2,34,1,dhr. De Groot,0,2025-2026
1419,Aisha Sterk,Techniek,C2,8.7,98.3,57,0,dhr. De Groot,0,2025-2026
1420,Julia Sanchez,Zorg,A1,6.5,91.6,56,0,mev. Kuiper,0,2025-2026
1421,Ali Mulder,Techniek,D1,5.5,98.7,37,0,dhr. De Groot,0,2025-2026
1422,Lucas Bousme,Zorg,B2,7.7,99.2,56,0,dhr. Hanna,0,2025-2026
1423,Ali Rijkaard,Techniek,B1,6.9,80.0,33,2,mev. Smit,0,2025-2026
1424,Mohammed Boussata,ICT,B1,5.6,94.7,31,0,mev. Hulsema,0,2025-2026
1425,Julia Sterk,Techniek,C2,8.0,72.6,35,1,mev. Smit,0,2025-2026
1426,Aisha Mulder,ICT,C2,6.8,86.3,23,0,mev. Kuiper,0,2025-2026
1427,Steven Kuiper,Economie,C1,5.7,78.1,35,0,mev. Safon,1,2025-2026
1428,Eva Groen,Techniek,A1,7.8,87.5,57,0,mev. Kuiper,0,2025-2026
1429,Sam van Someren,Handel,A2,5.0,76.1,43,2,mev. Hulsema,0,2025-2026
1430,Julia De Groot,ICT,C1,7.7,74.0,55,0,mev. Kuiper,0,2025-2026
1431,Edith Bakker,Techniek,D1,5.9,71.5,47,2,mev. Kuiper,1,2025-2026
1432,Lucas de Vries,Techniek,A2,6.3,77.5,29,1,dhr. Hanna,1,2025-2026
1433,Eva Abu-Hanna,Handel,B2,6.4,85.2,26,0,dhr. Benjamins,0,2025-2026
1434,Ameen Mulder,Techniek,B2,7.2,75.6,30,0,mev. Hulsema,0,2025-2026
1435,Ameen Abu-Hanna,ICT,A2,6.6,94.2,43,2,dhr. De Groot,0,2025-2026
1436,Ameen Bakker,Economie,B2,7.1,70.2,43,0,mev. Hulsema,1,2025-2026
1437,Ali Rijkaard,Zorg,D1,7.0,85.4,54,1,dhr. Mulder,0,2025-2026
1438,Aisha Jansen,ICT,B2,7.8,87.8,49,0,mev. Hulsema,0,2025-2026
1439,Koen Rijkaard,Economie,C1,7.3,89.3,45,0,dhr. De Groot,0,2025-2026
1440,Eva Groen,Economie,C2,6.6,85.4,41,1,dhr. De Groot,0,2025-2026
1441,Ali Groen,ICT,A1,5.5,71.3,42,0,dhr. Benjamins,1,2025-2026
1442,Edwin Rijkaard,Economie,B1,5.4,83.0,38,0,dhr. Benjamins,0,2025-2026
1443,Ameen Groen,ICT,D1,6.8,88.2,52,0,mev. Kuiper,0,2025-2026
1444,Tessa Sterk,Handel,D1,6.6,77.1,45,0,dhr. Benjamins,0,2025-2026
1445,Mohammed Bousme,Handel,C2,6.2,74.3,36,3,mev. Smit,1,2025-2026
1446,Ameen Bousme,Techniek,A1,7.6,97.8,36,2,mev. Hulsema,0,2025-2026
1447,Mohammed Mulder,Techniek,A1,5.9,85.9,31,0,mev. Smit,0,2025-2026
1448,Aisha Rijkaard,ICT,B2,7.2,92.4,32,1,dhr. Hanna,0,2025-2026
1449,Edwin de Vries,ICT,D1,7.2,73.6,44,0,dhr. Mulder,0,2025-2026
1450,Tessa de Vries,Handel,C2,7.1,96.6,26,3,mev. Smit,0,2025-2026
1451,Ali Sanchez,Handel,B1,5.4,85.6,59,0,dhr. Mulder,0,2025-2026
1452,Edith Bousme,Techniek,D2,6.6,84.8,43,1,mev. Safon,0,2025-2026
1453,Koen Benjamins,Techniek,A2,4.5,89.3,49,1,mev. Hulsema,0,2025-2026
1454,Aisha Bakker,ICT,B2,6.4,76.4,23,0,dhr. Benjamins,1,2025-2026
1455,Edwin van Someren,ICT,C2,6.7,94.7,35,3,mev. Safon,0,2025-2026
1456,Ali Rijkaard,Zorg,D2,7.1,94.8,51,2,dhr. Hanna,0,2025-2026
1457,Edwin Mulder,Zorg,B2,6.5,97.4,25,0,mev. Safon,0,2025-2026
1458,Lisa van Someren,Economie,D1,7.8,95.4,27,1,dhr. Mulder,0,2025-2026
1459,Edwin Kuiper,Economie,A2,6.0,87.9,28,2,dhr. Mulder,0,2025-2026
1460,Mohammed Jansen,Economie,C1,4.1,91.5,32,3,dhr. De Groot,1,2025-2026
1461,Edith Jansen,Techniek,D2,6.6,98.6,26,1,mev. Safon,0,2025-2026
1462,Edith Smit,Handel,D1,6.5,98.8,53,1,mev. Hulsema,0,2025-2026
1463,Daan Mulder,Economie,D2,6.0,94.5,28,1,mev. Kuiper,0,2025-2026
1464,Edwin Noordenbos,Zorg,C1,5.2,88.0,25,2,mev. Smit,0,2025-2026
1465,Koen Benjamins,Handel,A1,5.3,79.5,45,2,mev. Smit,0,2025-2026
1466,Julia Sterk,Handel,A1,5.2,78.4,59,0,dhr. De Groot,0,2025-2026
1467,Tessa Bousme,Handel,A2,6.1,77.4,44,0,mev. Kuiper,0,2025-2026
1468,Daan Groen,Handel,A1,6.2,98.4,56,1,dhr. Benjamins,0,2025-2026
1469,Koen Boussata,Techniek,A2,6.3,88.8,52,2,mev. Safon,0,2025-2026
1470,Aisha de Vries,Zorg,B1,6.4,85.9,32,4,dhr. Mulder,1,2025-2026
1471,Lisa de Vries,Zorg,C2,7.7,71.4,22,0,dhr. Mulder,1,2025-2026
1472,Lisa Mulder,Handel,A1,5.9,77.9,60,1,mev. Kuiper,0,2025-2026
1473,Sam Rijkaard,Techniek,C1,5.8,81.0,43,0,dhr. Benjamins,0,2025-2026
1474,Sam Jansen,Techniek,A2,4.9,97.9,51,1,mev. Hulsema,0,2025-2026
1475,Daan Jansen,Techniek,C1,5.5,80.8,29,2,mev. Kuiper,0,2025-2026
1476,Tessa Abu-Hanna,Zorg,B2,5.1,82.1,20,1,mev. Hulsema,0,2025-2026
1477,Daan Rijkaard,ICT,B1,6.3,86.7,30,2,mev. Safon,0,2025-2026
1478,Koen Abu-Hanna,Economie,C2,6.2,77.5,50,2,dhr. Mulder,1,2025-2026
1479,Ali Rijkaard,ICT,C2,8.5,86.1,43,0,dhr. Mulder,0,2025-2026
1480,Edwin Boussata,ICT,C1,4.9,94.1,51,2,mev. Kuiper,0,2025-2026
1481,Eva van Someren,Zorg,C2,7.1,93.6,56,3,mev. Kuiper,0,2025-2026
1482,Edwin De Groot,ICT,D1,6.9,86.4,49,2,dhr. Hanna,0,2025-2026
1483,Mohammed Noordenbos,Zorg,A1,6.7,85.3,45,0,dhr. Hanna,0,2025-2026
1484,Ameen Groen,ICT,A2,6.8,92.7,50,1,dhr. De Groot,0,2025-2026
1485,Ameen Mulder,Zorg,D1,5.4,93.0,47,1,dhr. De Groot,0,2025-2026
1486,Eva Smit,Zorg,D2,7.4,93.0,48,2,dhr. Mulder,0,2025-2026
1487,Mohammed de Vries,Zorg,C2,6.3,73.9,38,1,mev. Safon,1,2025-2026
1488,Tessa Rijkaard,Handel,D1,8.7,76.4,23,0,dhr. Hanna,0,2025-2026
1489,Steven Mulder,Economie,A2,6.6,75.3,57,0,dhr. De Groot,0,2025-2026
1490,Edwin Mulder,Handel,A1,7.2,85.5,27,0,mev. Kuiper,0,2025-2026
1491,Julia Boussata,Economie,B1,7.2,79.3,47,1,mev. Kuiper,0,2025-2026
1492,Steven Rijkaard,ICT,C1,7.6,90.6,49,1,mev. Smit,0,2025-2026
1493,Edwin Mulder,ICT,A2,5.4,88.5,34,3,dhr. De Groot,0,2025-2026
1494,Ameen De Groot,Zorg,D2,7.3,83.5,37,0,dhr. De Groot,0,2025-2026
1495,Edith Groen,ICT,D1,5.3,90.3,57,2,dhr. De Groot,0,2025-2026
1496,Ameen Jansen,Economie,D1,8.0,90.0,23,0,dhr. De Groot,0,2025-2026
1497,Sam Benjamins,Techniek,B1,6.5,73.5,44,3,mev. Safon,1,2025-2026
1498,Ameen Bakker,ICT,D1,6.4,83.3,43,0,dhr. Benjamins,0,2025-2026
1499,Ali Rijkaard,Zorg,D2,6.4,87.7,22,0,dhr. Hanna,0,2025-2026
1500,Steven Mulder,Zorg,B2,7.5,90.0,50,3,mev. Kuiper,0,2025-2026
